10.04.2024,23:14
14.12.2024,23:07
23.12.2024,23:11
01.12.2024,23:02
16.12.2024,23:08
15.11.2024,22:59
13.05.2024,22:55
24.08.2024,23:12
02.06.2024,22:52
06.06.2024,22:54
19.04.2024,23:09
29.12.2024,23:14
04.12.2024,23:03
05.02.2024,23:30
25.11.2024,23:00
11.08.2024,23:09
16.05.2024,22:53
27.01.2024,23:28
11.10.2024,23:03
16.06.2024,22:57
01.08.2024,23:05
08.05.2024,22:58
15.10.2024,23:02
26.02.2024,23:30
13.11.2024,22:59
13.07.2024,22:59
16.07.2024,22:58
09.01.2024,23:20
02.01.2024,23:16
18.10.2024,23:02
10.06.2024,22:55
25.04.2024,23:06
13.04.2024,23:12
31.12.2024,23:15
07.11.2024,22:59
20.01.2024,23:25
24.01.2024,23:27
10.03.2024,23:28
06.03.2024,23:29
30.07.2024,23:04
29.06.2024,22:59
14.02.2024,23:31
21.02.2024,23:31
18.08.2024,23:11
15.05.2024,22:53
06.05.2024,22:59
03.05.2024,23:01
07.09.2024,23:11
13.09.2024,23:10
17.04.2024,23:10
10.01.2024,23:20
16.03.2024,23:26
11.06.2024,22:55
10.12.2024,23:05
10.11.2024,22:59
31.05.2024,22:51
03.01.2024,23:17
06.10.2024,23:05
20.09.2024,23:09
14.06.2024,22:56
27.04.2024,23:04
15.04.2024,23:11
14.11.2024,22:59
06.08.2024,23:08
14.07.2024,22:58
07.03.2024,23:28
23.02.2024,23:31
31.01.2024,23:29
04.09.2024,23:12
24.03.2024,23:22
06.12.2024,23:03
01.02.2024,23:29
27.05.2024,22:50
17.05.2024,22:52
22.09.2024,23:08
19.03.2024,23:24
19.06.2024,22:57
30.06.2024,22:59
28.08.2024,23:12
12.06.2024,22:56
17.12.2024,23:08
04.11.2024,22:59
20.08.2024,23:11
11.05.2024,22:56
25.10.2024,23:00
14.04.2024,23:12
21.04.2024,23:08
02.12.2024,23:02
02.02.2024,23:29
04.02.2024,23:30
21.10.2024,23:01
22.12.2024,23:11
26.08.2024,23:12
17.08.2024,23:11
20.05.2024,22:50
17.01.2024,23:24
12.09.2024,23:10
26.07.2024,23:02
05.06.2024,22:53
28.06.2024,22:59
07.04.2024,23:16
08.12.2024,23:04
17.11.2024,22:59
16.08.2024,23:11
23.05.2024,22:48
25.07.2024,23:01
26.01.2024,23:27
08.11.2024,22:59
01.07.2024,22:59
15.09.2024,23:10
11.11.2024,22:59
31.08.2024,23:12
04.03.2024,23:29
01.04.2024,23:19
26.12.2024,23:13
07.05.2024,22:58
20.07.2024,22:58
17.09.2024,23:09
04.10.2024,23:05
23.04.2024,23:07
12.12.2024,23:06
19.12.2024,23:09
22.08.2024,23:12
31.07.2024,23:05
30.01.2024,23:28
31.10.2024,22:59
03.09.2024,23:12
21.12.2024,23:10
09.07.2024,22:59
20.10.2024,23:01
28.10.2024,23:00
14.03.2024,23:26
05.03.2024,23:29
15.03.2024,23:26
14.05.2024,22:54
04.07.2024,22:59
08.01.2024,23:19
30.10.2024,22:59
22.03.2024,23:23
18.12.2024,23:09
29.02.2024,23:30
06.11.2024,22:59
07.07.2024,22:59
16.01.2024,23:23
25.09.2024,23:08
09.06.2024,22:55
19.07.2024,22:57
23.07.2024,23:00
21.03.2024,23:24
03.06.2024,22:52
05.01.2024,23:18
05.10.2024,23:05
25.06.2024,22:58
12.11.2024,22:59
27.10.2024,23:00
11.03.2024,23:27
30.12.2024,23:15
19.02.2024,23:31
28.07.2024,23:03
09.03.2024,23:28
26.03.2024,23:21
24.11.2024,23:00
12.05.2024,22:55
13.03.2024,23:27
23.06.2024,22:58
04.06.2024,22:53
12.04.2024,23:13
08.04.2024,23:15
25.05.2024,22:49
29.09.2024,23:06
23.03.2024,23:23
03.03.2024,23:29
15.02.2024,23:31
21.11.2024,23:00
24.10.2024,23:00
23.01.2024,23:26
28.12.2024,23:14
13.12.2024,23:06
12.02.2024,23:31
09.11.2024,22:59
27.07.2024,23:02
18.07.2024,22:58
29.07.2024,23:04
26.10.2024,23:00
13.06.2024,22:56
18.02.2024,23:31
27.08.2024,23:12
22.01.2024,23:26
19.10.2024,23:01
26.09.2024,23:07
05.07.2024,22:59
12.07.2024,22:59
14.09.2024,23:10
07.06.2024,22:54
24.06.2024,22:58
26.11.2024,23:00
24.05.2024,22:49
28.05.2024,22:50
05.09.2024,23:11
29.04.2024,23:03
07.12.2024,23:04
03.07.2024,22:59
02.10.2024,23:06
30.03.2024,23:20
22.04.2024,23:07
09.08.2024,23:09
23.08.2024,23:12
31.03.2024,23:19
28.04.2024,23:04
27.02.2024,23:30
12.08.2024,23:10
06.09.2024,23:11
08.03.2024,23:28
08.06.2024,22:54
11.04.2024,23:13
29.05.2024,22:51
28.09.2024,23:07
09.12.2024,23:05
24.12.2024,23:12
03.08.2024,23:06
02.05.2024,23:01
14.10.2024,23:03
01.03.2024,23:30
01.11.2024,22:59
23.11.2024,23:00
19.05.2024,22:51
01.05.2024,23:02
08.09.2024,23:11
17.02.2024,23:31
21.01.2024,23:25
21.09.2024,23:09
29.03.2024,23:20
12.03.2024,23:27
21.06.2024,22:58
15.06.2024,22:56
05.08.2024,23:07
22.10.2024,23:01
01.10.2024,23:06
09.09.2024,23:11
01.06.2024,22:52
05.04.2024,23:17
15.08.2024,23:10
10.05.2024,22:57
14.01.2024,23:22
29.10.2024,23:00
03.10.2024,23:05
02.03.2024,23:30
03.04.2024,23:18
10.08.2024,23:09
05.05.2024,23:00
08.07.2024,22:59
23.10.2024,23:01
16.04.2024,23:11
20.12.2024,23:10
22.02.2024,23:31
13.08.2024,23:10
21.07.2024,22:58
23.09.2024,23:08
09.02.2024,23:31
20.02.2024,23:31
05.11.2024,22:59
19.11.2024,22:59
24.07.2024,23:01
12.10.2024,23:03
20.03.2024,23:24
27.06.2024,22:59
18.06.2024,22:57
02.04.2024,23:18
30.05.2024,22:51
01.01.2024,23:15
08.10.2024,23:04
16.02.2024,23:31
22.11.2024,23:00
04.08.2024,23:07
19.08.2024,23:11
09.10.2024,23:04
18.03.2024,23:25
20.04.2024,23:08
07.02.2024,23:30
11.02.2024,23:31
07.01.2024,23:19
10.10.2024,23:04
11.09.2024,23:11
25.03.2024,23:22
13.01.2024,23:22
17.06.2024,22:57
05.12.2024,23:03
30.11.2024,23:02
29.08.2024,23:12
15.07.2024,22:58
17.07.2024,22:58
06.07.2024,22:59
17.10.2024,23:02
17.03.2024,23:25
28.02.2024,23:30
25.02.2024,23:31
04.01.2024,23:17
19.01.2024,23:24
16.09.2024,23:10
30.04.2024,23:03
25.12.2024,23:12
15.12.2024,23:07
03.02.2024,23:30
03.11.2024,22:59
22.05.2024,22:49
22.06.2024,22:58
09.05.2024,22:57
15.01.2024,23:23
06.01.2024,23:18
30.09.2024,23:06
09.04.2024,23:15
27.12.2024,23:13
10.02.2024,23:31
16.11.2024,22:59
21.08.2024,23:11
07.08.2024,23:08
11.01.2024,23:21
18.04.2024,23:10
14.08.2024,23:10
26.05.2024,22:49
12.01.2024,23:21
07.10.2024,23:04
27.09.2024,23:07
18.05.2024,22:52
04.04.2024,23:17
08.02.2024,23:30
24.02.2024,23:31
06.02.2024,23:30
28.11.2024,23:01
30.08.2024,23:12
21.05.2024,22:50
11.07.2024,22:59
29.01.2024,23:28
24.09.2024,23:08
20.06.2024,22:58
26.06.2024,22:59
03.12.2024,23:02
22.07.2024,22:59
11.12.2024,23:05
18.11.2024,22:59
13.10.2024,23:03
02.09.2024,23:12
01.09.2024,23:12
24.04.2024,23:06
26.04.2024,23:05
13.02.2024,23:31
27.11.2024,23:01
04.05.2024,23:00
19.09.2024,23:09
02.11.2024,22:59
29.11.2024,23:01
25.08.2024,23:12
25.01.2024,23:27
10.09.2024,23:11
28.03.2024,23:21
27.03.2024,23:21
06.04.2024,23:16
02.08.2024,23:06
18.09.2024,23:09
20.11.2024,22:59
08.08.2024,23:08
02.07.2024,22:59
10.07.2024,22:59
28.01.2024,23:28
18.01.2024,23:24
16.10.2024,23:02
